{"cameraMode":{"drawMode":0,"name":"Shaded","section":"Shading Mode"},"sceneLighting":true,"audioPlay":false,"sceneViewState":{"showFog":true,"showMaterialUpdate":false,"showSkybox":true,"showFlares":true,"showImageEffects":true,"showParticleSystems":true},"in2DMode":false,"pivot":{"x":-0.5359044075012207,"y":-0.5321979522705078,"z":-0.44741344451904299},"rotation":{"x":-0.1866946518421173,"y":-0.012677483260631562,"z":0.0024068623315542938,"w":-0.9823449850082398},"size":9.5261812210083,"orthographic":false}