{"cameraMode":{"drawMode":0,"name":"Shaded","section":"Shading Mode"},"sceneLighting":true,"audioPlay":false,"sceneViewState":{"showFog":true,"showMaterialUpdate":false,"showSkybox":true,"showFlares":true,"showImageEffects":true,"showParticleSystems":true},"in2DMode":false,"pivot":{"x":0.8794209361076355,"y":-0.4752770662307739,"z":-0.47178125381469729},"rotation":{"x":-0.11406254023313523,"y":0.0005920897820033133,"z":-0.00007001346966717392,"w":-0.9934841394424439},"size":7.075506687164307,"orthographic":false}