{"cameraMode":{"drawMode":0,"name":"Shaded","section":"Shading Mode"},"sceneLighting":true,"audioPlay":false,"sceneViewState":{"showFog":true,"showMaterialUpdate":false,"showSkybox":true,"showFlares":true,"showImageEffects":true,"showParticleSystems":true},"in2DMode":false,"pivot":{"x":1.166416049003601,"y":0.725566565990448,"z":4.0943450927734379},"rotation":{"x":-0.036268990486860278,"y":0.04255497828125954,"z":-0.0015748373698443175,"w":-0.998458743095398},"size":11.506669044494629,"orthographic":false}