{"cameraMode":{"drawMode":0,"name":"Shaded","section":"Shading Mode"},"sceneLighting":true,"audioPlay":false,"sceneViewState":{"showFog":true,"showMaterialUpdate":false,"showSkybox":true,"showFlares":true,"showImageEffects":true,"showParticleSystems":true},"in2DMode":false,"pivot":{"x":-0.14306622743606568,"y":-0.37469708919525149,"z":-3.1323347091674806},"rotation":{"x":-0.11849437654018402,"y":-0.02472556382417679,"z":0.0029528173618018629,"w":-0.9926477074623108},"size":5.192995548248291,"orthographic":false}